{
  "utc": "2025-12-21T21:41:09.123176+00:00",
  "inputs": {
    "alpha_R": 0.11824,
    "kappa_tick": 0.08333333333333333,
    "c4": 0.06,
    "zeta": 0.5,
    "ai": 0.0001,
    "kernel": "exp",
    "f_norm_target": 0.7542
  },
  "delta0_measured": 0.08917660800000005,
  "delta0_expected": 0.08917660799999999,
  "ratio": {
    "z0": 1.089176608,
    "z2": 1.0008422814242643,
    "z1100": 1.0,
    "max_abs_ratio_minus_1_for_z_ge_2": 0.0008385092022005214,
    "lcdm_limit_max_abs_ratio_minus_1": 0.0
  },
  "distances": {
    "z_samples": [
      0.5,
      1.0,
      2.0,
      1100.0
    ],
    "DA_ratio": [
      0.9501213507207984,
      0.9646841863215287,
      0.9761184400691715,
      0.9908098672989042
    ],
    "DL_ratio": [
      0.9501213507207996,
      0.9646841863215291,
      0.9761184400691715,
      0.9908098672989041
    ]
  }
}